title,link,"img_url"
"Thieves take gas in 'pump and dump' scheme","http://rss.cnn.com/~r/rss/cnn_topstories/~3/OE0cXSpqXbY/index.html","http://i2.cdn.turner.com/cnn/dam/assets/141107105902-01-pumpdump-top-tease.jpg"
"28 Internet acronyms parents should know","http://rss.cnn.com/~r/rss/cnn_topstories/~3/h5rG-WyeE_g/index.html","http://i2.cdn.turner.com/cnn/dam/assets/141117165341-02-teen-sexting-1117-top-tease.jpg"
"'Blood-curdling scream' alerts family to cougar","http://rss.cnn.com/~r/rss/cnn_topstories/~3/5gibgbW4oXM/dnt-cougar-trapped-in-home.cnn.html","http://i2.cdn.turner.com/cnn/dam/assets/150104184338-dnt-cougar-trapped-in-home-00012828-top-tease.jpg"
"The U.S. Army's biggest battle","http://rss.cnn.com/~r/rss/cnn_topstories/~3/zu1HlTJAe54/index.html","http://i2.cdn.turner.com/cnn/dam/assets/141223154724-01-cnnphotos-capa-bulge-restricted-top-tease.jpg"
"Why this boy's school is at a secret location","http://rss.cnn.com/~r/rss/cnn_topstories/~3/xtOzSSzsEGg/orig-secret-school-for-aleppos-children.cnn.html","http://i2.cdn.turner.com/cnn/dam/assets/150105085802-orig-secret-school-for-aleppos-children-00013312-top-tease.jpg"
"New threat: 'Racism without racists'","http://rss.cnn.com/~r/rss/cnn_topstories/~3/G4KGRgLbpqc/index.html","http://i2.cdn.turner.com/cnn/dam/assets/141126064800-01-ferguson-1126-top-tease.jpg"
"CNN anchor remembers his father, Mario Cuomo","http://rss.cnn.com/~r/rss/cnn_topstories/~3/V1ix40qxdUA/newday-dnt-son-reflects-on-mario-cuomo.cnn.html","http://i2.cdn.turner.com/cnn/dam/assets/150106112011-newday-dnt-son-reflects-on-mario-cuomo-00053827-top-tease.jpg"
"Iconic photographer captured Hollywood","http://rss.cnn.com/~r/rss/cnn_topstories/~3/Zz7eXJwNQpM/index.html","http://i2.cdn.turner.com/cnn/dam/assets/141215202739-02-phil-stern-top-tease.jpg"
"Desperation for migrants fleeing to Europe","http://rss.cnn.com/~r/rss/cnn_topstories/~3/fvdQCbWuCE4/index.html","http://i2.cdn.turner.com/cnn/dam/assets/150103232935-ezadeen-migrant-ship-top-tease.jpg"
"Roger Ebert, looking at the light","http://rss.cnn.com/~r/rss/cnn_topstories/~3/DYyf8Q4B5fY/index.html","http://i2.cdn.turner.com/cnn/dam/assets/141218170410-roger-ebert-thumb-cfb-2-top-tease.jpg"
